﻿Designator,Footprint,Quantity,Value,LCSC Part #
"C1, C2",0603,2,4.7uF,
C10,0603,1,10nF,
"C11, C9",0603,2,12pF,
"C12, C6",0603,2,1uF,
C13,0805,1,22uF,
"C14, C15, C16, C3, C4, C5, C7, C8",0603,8,0.1uF,
D1,D_SMB,1,SMBJ36CA-13-F,
"D2, D3, D4",0603,3,LED,
D5,SOT-23,1,NUP2105L,
J1,Tag-Connect_TC2030-IDC-NL_2x03_P1.27mm_Vertical,1,TC2030,
J2,Molex_Zero_Hatchi_2147210040,1,2147210040,
JP1,SolderJumper-3_P1.3mm_Open_RoundedPad1.0x1.5mm,1,Jumper_3_Open,
"R1, R2",0603,2,22,
"R3, R4, R5",0603,3,1k,
"R6, R7",0603,2,4.7k,
TP1,TestPoint_Pad_D2.0mm,1,GND,
TP2,TestPoint_Pad_D2.0mm,1,3.3V,
TP3,TestPoint_Pad_D1.0mm,1,CAN_TX,
TP4,TestPoint_Pad_D1.0mm,1,CAN_RX,
TP5,TestPoint_Pad_D1.0mm,1,SDA,
TP6,TestPoint_Pad_D1.0mm,1,SCL,
U1,TO-252-3_TabPin2,1,TLE42744DV33ATMA1,
U2,QFN-32-1EP_5x5mm_P0.5mm_EP3.45x3.45mm,1,STM32F042K6Ux,
U3,MLX90641,1,MLX90641ESF-BCA-000-SP,
U4,SOIC-8_3.9x4.9mm_P1.27mm,1,TCAN3403DRQ1,
Y1,Crystal_SMD_2520-4Pin_2.5x2.0mm,1,ECS-160-10-36Q-AES-TR,
